display_name,gender,aliases
1022女声,组合,
183CLUB,组合,
1983,组合,
1个球,女歌手,
2R,组合,
3UNSHINE,组合,
4 In Love,组合,
4D,男歌手,
5566,组合,
7妹,女歌手,
88Lien,男歌手,
88Rising,组合,
8点组乐团,组合,
9M88,女歌手,
阿爆,女歌手,
阿达娃,女歌手,
阿杜,男歌手,
阿朵,女歌手,
阿吉太组合,组合,
阿佳组合,组合,
阿杰,男歌手,
阿克江Akin,男歌手,
阿鲲,男歌手,
阿兰,女歌手,
阿梨粤,女歌手,
阿里郎,组合,
阿林,女歌手,
阿鲁阿卓,女歌手,
阿妹,组合,
阿敏,女歌手,
阿铭,女歌手,
阿木,男歌手,
阿牛,男歌手,
阿悄,女歌手,
阿冗,男歌手,
阿萨Aza,男歌手,
阿桑,女歌手,
阿四龙组合,组合,
阿肆,女歌手,
阿信,组合,
阿雄,男歌手,
阿雅,女歌手,
阿禹ayy,男歌手,
阿云嘎,男歌手,
阿YueYue,女歌手,
哀四杏,组合,
艾辰,男歌手,
艾福杰尼,男歌手,
艾热 AIR,男歌手,
艾索,男歌手,
艾怡良,女歌手,
爱宝,女歌手,
爱朵女孩,组合,
爱乐团,组合,
爱星人,组合,
安琥,男歌手,
安静,女歌手,
安九,女歌手,
安伦泰伦,组合,
安娜其,组合,
安妮朵拉,组合,
安溥,女歌手,
安崎,女歌手,
安琪,女歌手,
安全着陆,组合,
安图声乐队,组合,
安雯,女歌手,
安又琪,女歌手,
安与骑兵,组合,
俺酱,男歌手,
暗杠,男歌手,
八三夭,组合,
八只眼,组合,
巴顿,男歌手,
芭比,组合,
白安,女歌手,
白光,女歌手,
白敬亭,男歌手,
白静晨,男歌手,
白举纲,男歌手,
白鹿,女歌手,
白皮书乐队,组合,
白鲨JAWS,组合,
白挺,男歌手,
白小白,男歌手,
白雪,女歌手,
柏松,男歌手,
斑马森林,组合,
办桌二人组,组合,
半吨兄弟,组合,
棒棒堂,组合,
包美圣,女歌手,
薄荷绿乐队,组合,
宝石Gem,男歌手,
鲍家街43号,组合,
爆裂菊是也,女歌手,
北极冰,女歌手,
贝贝帅,女歌手,
贝瓦儿歌,组合,
本多RURU,女歌手,
本兮,女歌手,
比莉,女歌手,
毕书尽,男歌手,
毕雯珺,男歌手,
边靖婷,女歌手,
卞小贞,女歌手,
便利商店,组合,
宾阳乐队,组合,
冰雪姐妹,女歌手,
菠萝赛东,女歌手,
伯远,男歌手,
不够,男歌手,
不靠谱组合,组合,
不可撤销乐队,组合,
不是花火呀,女歌手,
不知名选手Au,男歌手,
布瑞吉Bridge,男歌手,
布衣乐队,组合,
裁缝铺,男歌手,
蔡淳佳,女歌手,
蔡恩雨,女歌手,
蔡健雅,女歌手,
蔡旻佑,男歌手,
蔡佩轩,女歌手,
蔡琴,女歌手,
蔡秋凤,女歌手,
蔡幸娟,女歌手,
蔡徐坤,男歌手,
蔡依林,女歌手,Jolin
蔡翊昇,男歌手,
蔡卓妍,女歌手,
璨乐团,组合,
苍穹,女歌手,
曹方,女歌手,
曹芙嘉,女歌手,
曹格,男歌手,
曹雅雯,女歌手,
曹雨航,男歌手,
草东没有派对,组合,
草帽酱,女歌手,
草莓救星,组合,
草蜢,组合,
侧田,男歌手,
岑宁儿,女歌手,
曾沛慈,女歌手,
曾舜晞,男歌手,
曾惜,女歌手,
曾一鸣,男歌手,
曾轶可,女歌手,
曾咏熙,女歌手,
插班生,组合,
常艾非,女歌手,
超级橘子Orange,女歌手,
超级市场,组合,
朝歌夜弦,组合,
潮人语,组合,
沉默,女歌手,
陈百强,男歌手,
陈柏宇,男歌手,
陈冰,女歌手,
陈楚生,男歌手,
陈冠蒲,男歌手,
陈冠希,男歌手,
陈昊宇,女歌手,
陈浩,男歌手,
陈鸿宇,男歌手,
陈奂仁,男歌手,
陈慧琳,女歌手,
陈慧娴,女歌手,
陈佳,女歌手,
陈嘉桦,女歌手,
陈嘉唯,女歌手,
陈洁丽,女歌手,
陈洁仪,女歌手,
陈婧霏,女歌手,
陈柯宇,男歌手,
陈雷,男歌手,
陈蕾,女歌手,
陈力,女歌手,
陈立农,男歌手,
陈丽君,女歌手,
陈粒,女歌手,
陈每文,女歌手,
陈明,女歌手,
陈麒名,男歌手,
陈绮贞,女歌手,
陈瑞,女歌手,
陈珊妮,女歌手,
陈势安,男歌手,
陈淑桦,女歌手,
陈天润,男歌手,
陈伟霆,男歌手,
陈文非,女歌手,
陈僖仪,女歌手,
陈翔,男歌手,
陈小春,男歌手,
陈小云,女歌手,
陈忻玥,女歌手,
陈旭,男歌手,
陈学冬,男歌手,
陈雪凝,女歌手,
陈雪燃,男歌手,
陈雅雯,女歌手,
陈壹千,女歌手,
陈亦洺,男歌手,
陈奕楠,女歌手,
陈奕迅,男歌手,
陈苑淇,女歌手,
陈韵若,女歌手,
陈致逸,男歌手,
陈卓璇,女歌手,
陈子晴,女歌手,
成都集团,组合,
成龙,男歌手,
承桓,男歌手,
承利,男歌手,
城市少女,组合,
程安,男歌手,
程璧,女歌手,
程响,女歌手,
程潇,女歌手,
澄海伯伯,男歌手,
橙草,组合,
橙翼,男歌手,
池鱼,女歌手,
迟里乌布,男歌手,
赤羽,女歌手,
初音ミク,女歌手,
厨房仔,男歌手,
厨子和戏子,组合,
楚歌,组合,
褚晨茜,男歌手,
川青,女歌手,
锤娜丽莎,女歌手,
刺猬,组合,
崔健,男歌手,
崔开潮,男歌手,
崔天琪,女歌手,
崔子格,女歌手,
达达乐队,组合,
达桑嘉措,男歌手,
达闻西乐队,组合,
打倒三明治,组合,
大波浪,组合,
大布,男歌手,
大布偶,组合,
大川,女歌手,
大都会乐团,组合,
大粉乐队,组合,
大柯,女歌手,
大宽,男歌手,
大乔小乔,组合,
大庆小芳,组合,
大喜,男歌手,
大象体操,组合,
大小姐,组合,
大张伟,男歌手,
大壮,男歌手,
大籽,女歌手,
大嘴巴,组合,
大C,男歌手,
大Q秉洛,男歌手,
呆呆破,男歌手,
代露娃,女歌手,
戴爱玲,女歌手,
戴梦梦,女歌手,
戴佩妮,女歌手,
戴荃,男歌手,
戴娆,女歌手,
戴羽彤,女歌手,
黛青塔娜,女歌手,
单依纯,女歌手,
弹棉花的小花,女歌手,
蛋堡,男歌手,
刀郎,男歌手,
岛屿心情,组合,
德德玛,女歌手,
等一下就回家,男歌手,
邓典,男歌手,
邓典果DDG,男歌手,
邓丽君,女歌手,
邓丽欣,女歌手,
邓伦,男歌手,
邓瑞霞,女歌手,
邓小巧,女歌手,
邓颖芝,女歌手,
邓园长,女歌手,
邓岳章,男歌手,
低苦艾,组合,
迪克牛仔,男歌手,
电鸟个灯泡,男歌手,
丁当,女歌手,
丁丁,女歌手,
丁芙妮,女歌手,
丁可,男歌手,
丁世光,男歌手,
丁文琪,女歌手,
丁香 晓晓,组合,
丁禹兮,男歌手,
东城卫,组合,
东方红艳,女歌手,
董唧唧,男歌手,
董文华,女歌手,
董又霖,男歌手,
董真,女歌手,
动力火车,组合,
动物园钉子户,组合,
窦靖童,女歌手,
窦唯,男歌手,
毒药,女歌手,
杜德伟,男歌手,
杜婧荧,女歌手,
杜宣达,男歌手,
渡,男歌手,
段奥娟,女歌手,
段林希,女歌手,
队长,男歌手,
对角巷乐队,组合,
额尔古纳乐队,组合,
儿歌多多,组合,
二嘉,女歌手,
二珂,女歌手,
二手玫瑰,男歌手,
贰佰,男歌手,
贰强,男歌手,
贰萬,男歌手,
发光曲线,组合,
发条月亮,组合,
法老,男歌手,
帆布小镇,组合,
樊桐舟,女歌手,
樊竹青,女歌手,
反返,女歌手,
反光镜,组合,
饭思思,女歌手,
范本桐,男歌手,
范丞丞,男歌手,
范甲君,男歌手,
范琳琳,女歌手,
范倪Liu,女歌手,
范茹,女歌手,
范世錡,男歌手,
范玮琪,女歌手,
范文夺,男歌手,
范文芳,女歌手,
范晓萱,女歌手,
范怡文,女歌手,
范逸臣,男歌手,
方大同,男歌手,
方芳,女歌手,
方皓玟,女歌手,
方季惟,女歌手,
方力申,男歌手,
方糖泡泡,女歌手,
方向乐团,组合,
方雅贤,女歌手,
方仔Rich John,男歌手,
房东的猫,组合,
房子帆,男歌手,
房祖名,男歌手,
飞轮海,组合,
飞石号,组合,
绯村柯北,女歌手,
菲道尔,男歌手,
菲儿,女歌手,
肥宝,男歌手,
费启鸣,男歌手,
费翔,男歌手,
费玉清,男歌手,
粉太狼,女歌手,
风火海,组合,
风小筝,女歌手,
封茗囧菌,女歌手,
疯医,组合,
冯提莫,女歌手,
冯玮君,女歌手,
冯曦妤,女歌手,
冯泳,女歌手,
冯允谦,男歌手,
凤飞飞,女歌手,
凤凰传奇,组合,
奉天乐队,组合,
奉天组,组合,
缝纫机乐队,组合,
伏仪,男歌手,
佛跳墙,组合,
福禄寿Floruit Show,组合,
付笛声,男歌手,
付豪,男歌手,
付梦妮,女歌手,
付辛博,男歌手,
傅健颖,女歌手,
傅菁,女歌手,
傅梦彤,女歌手,
傅佩嘉,女歌手,
傅如乔,女歌手,
傅颖,女歌手,
覆予,女歌手,
甘草片r,男歌手,
甘萍,女歌手,
高尔宣,男歌手,
高枫,男歌手,
高高在这呢,女歌手,
高慧君,女歌手,
高进,男歌手,
高睿,女歌手,
高姗,女歌手,
高胜美,女歌手,
高维那,女歌手,
高旭,男歌手,
高鱼,女歌手,
高誉容,女歌手,
高原红,组合,
高源,女歌手,
告五人,组合,
格格,女歌手,
格子兮,女歌手,
葛东琪,男歌手,
葛林,男歌手,
葛漂亮,女歌手,
葛雨晴,女歌手,
葛仲珊,女歌手,
隔壁老樊,男歌手,
隔壁团乐队,组合,
根呷,男歌手,
根小八,男歌手,
耿十三,男歌手,
功夫,组合,
宫阁,男歌手,
龚琳娜,女歌手,
龚淑均,女歌手,
龚爽,女歌手,
龚玥,女歌手,
龚芝怡,女歌手,
龚子婕JessieG,女歌手,
孤矢,男歌手,
古巨基,男歌手,
古倩敏,女歌手,
谷江山,男歌手,
谷娅溦,女歌手,
顾峰,男歌手,
顾小洁,女歌手,
卦者灵风,男歌手,
怪阿姨,女歌手,
关楚耀,男歌手,
关大洲,男歌手,
关菊英,女歌手,
关牧村,女歌手,
关诗敏,女歌手,
关淑怡,女歌手,
关晓彤,女歌手,
关心妍,女歌手,
关喆,男歌手,
关智斌,男歌手,
官恩娜,女歌手,
光合少年,组合,
光良,男歌手,
光头华夏,男歌手,
光泽,男歌手,
广东雨神,男歌手,
龟娘,女歌手,
鬼卞,男歌手,
桂莹莹,女歌手,
郭聪明,男歌手,
郭顶,男歌手,
郭峰,男歌手,
郭富城,男歌手,
郭靖,女歌手,
郭静,女歌手,
郭兰英,女歌手,
郭玲,女歌手,
郭沁,女歌手,
郭心雨,女歌手,
郭欣渝,女歌手,
郭旭,男歌手,
郭宴,女歌手,
郭一凡,男歌手,
国蛋,男歌手,
国风集,组合,
国风堂,组合,
国风新语,组合,
国风音乐联盟,组合,
果妹,女歌手,
果味VC,组合,
过又嘉,女歌手,
哈利Halleeee,女歌手,
海底时光机,组合,
海龟先生,组合,
海来阿木,男歌手,
海陆,女歌手,
海伦,男歌手,
海鸣威,男歌手,
海朋森,组合,
涵子,女歌手,
韩安旭,男歌手,
韩宝仪,女歌手,
韩红,女歌手,
韩晶,女歌手,
韩磊,男歌手,
韩甜甜,女歌手,
韩瞳,男歌手,
韩雪,女歌手,
杭盖乐队,组合,
杭天琪,女歌手,
好乐团,组合,
好乐无荒,组合,
好妹妹乐队,组合,
郝云,男歌手,
何昶希,男歌手,
何洁,女歌手,
何炅,男歌手,
何流,男歌手,
何璐,女歌手,
何曼婷,女歌手,
何欣穗,女歌手,
何勇,男歌手,
何雨溪,女歌手,
何玉,男歌手,
河图,男歌手,
贺三,女歌手,
贺仙人,男歌手,
贺子玲,女歌手,
黑豹乐队,组合,
黑撒,组合,
黑鸭子,组合,
黑GIRL,组合,
很美味,女歌手,
红孩儿,组合,
红人馆,组合,
洪辰,女歌手,
洪嘉豪,男歌手,
洪佩瑜,女歌手,
洪荣宏,男歌手,
洪一诺,女歌手,
洪卓立,男歌手,
侯东Holdon,男歌手,
侯明昊,男歌手,
后海大鲨鱼,组合,
后弦,男歌手,
胡66,女歌手,
胡蓓蔚,女歌手,
胡碧乔,男歌手,
胡歌,男歌手,
胡海泉,男歌手,
胡期皓,男歌手,
胡睿,男歌手,
胡莎莎,女歌手,
胡维纳,女歌手,
胡伟立,男歌手,
胡玮琪,女歌手,
胡雯,女歌手,
胡夏,男歌手,
胡彦斌,男歌手,
胡杨林,女歌手,
虎二,男歌手,
虎皮蛋,男歌手,
花儿乐队,组合,
花姐,女歌手,
花玲,女歌手,
花僮,女歌手,
花粥,女歌手,
华晨宇,男歌手,
画久,女歌手,
欢子,男歌手,
黄安,男歌手,
黄灿,女歌手,
黄灿灿,女歌手,
黄嘉千,女歌手,
黄静美,女歌手,
黄凯芹,男歌手,
黄礼格,男歌手,
黄立行,男歌手,
黄丽玲,女歌手,
黄龄,女歌手,
黄美珍,女歌手,
黄品源,男歌手,
黄绮珊,女歌手,
黄圣尧,男歌手,
黄诗扶,女歌手,
黄淑惠,女歌手,
黄婷婷,女歌手,
黄文文,女歌手,
黄霄雲,女歌手,
黄小琥,女歌手,
黄晓明,男歌手,
黄雅莉,女歌手,
黄伊汶,女歌手,
黄义达,男歌手,
黄奕,女歌手,
黄英,女歌手,
黄莺莺,女歌手,
黄勇,男歌手,
黄韵玲,女歌手,
黄征,男歌手,
黄子弘凡,男歌手,
黄子韬,男歌手,
辉子,男歌手,
回春丹,组合,
回音哥,男歌手,
火风,男歌手,
火鸡,男歌手,
火箭少女101,女歌手,
火星电台,组合,
霍尊,男歌手,
吉克隽逸,女歌手,
纪佳松,男歌手,
季彦霖,女歌手,
夹子道,组合,
茄子蛋,组合,
家家,女歌手,
家园计划,组合,
嘉滢,女歌手,
贾乃亮,男歌手,
贾添,女歌手,
简弘亦,男歌手,
简约情人,组合,
江潮,男歌手,
江辰,男歌手,
江湖乐队,组合,
江惠莲,女歌手,
江蕙,女歌手,
江美琪,女歌手,
江楠,女歌手,
江若琳,女歌手,
江珊,女歌手,
江涛,男歌手,
江映蓉,女歌手,
江语晨,女歌手,
姜潮,男歌手,
姜姜,女歌手,
姜铭杨,男歌手,
姜昕,女歌手,
姜玉阳,男歌手,
姜育恒,男歌手,
姜云升,男歌手,
讲者,组合,
蒋大为,男歌手,
蒋敦豪,男歌手,
蒋蒋,男歌手,
蒋小呢,女歌手,
蒋一侨,女歌手,
匠音夫妇,组合,
降央卓玛,女歌手,
焦迈奇,男歌手,
叫宝宝,女歌手,
皆大欢喜,组合,
解伟苓,女歌手,
解忧草,女歌手,
今时古梦,组合,
金池,女歌手,
金古阿嘎,女歌手,
金贵晟,男歌手,
金海心,女歌手,
金铭,女歌手,
金南玲,女歌手,
金润吉,男歌手,
金莎,女歌手,
金天,女歌手,
金玟岐,女歌手,
金弦,男歌手,
金渔,女歌手,
金钰儿,女歌手,
金志文,男歌手,
锦零,女歌手,
锦绣二重唱,组合,
精气神制作,组合,
井迪,女歌手,
井迪儿,女歌手,
井胧,男歌手,
景向谁依,男歌手,
镜予歌,组合,
九连真人,组合,
九阴真经,组合,
玖壹壹,组合,
玖月奇迹,组合,
就是南方凯,男歌手,
居来提,男歌手,
鞠婧祎,女歌手,
鞠文娴,女歌手,
橘子妹,女歌手,
咖啡因公园,组合,
咖啡因乐队,组合,
咖菲,女歌手,
卡奇社,组合,
卡西恩Cacien,女歌手,
卡修Rui,男歌手,
凯瑟喵,女歌手,
凯小晴,女歌手,
侃迪kandi,男歌手,
侃侃,女歌手,
康康,男歌手,
康士坦的变化球,组合,
康树龙,男歌手,
康子奇,男歌手,
柯柯柯啊,男歌手,
柯泯薰,女歌手,
柯暮卿,男歌手,
柯受良,男歌手,
柯以敏,女歌手,
颗粒,女歌手,
可儿,组合,
可米小子,组合,
可歆,女歌手,
可泽,女歌手,
克然Eli,男歌手,
孔令奇,男歌手,
孔雀眼,组合,
孔雪儿,女歌手,
枯木逢春,男歌手,
苦鬼乐队,组合,
快乐家族,组合,
快乐男生,组合,
筷子兄弟,组合,
邝美云,女歌手,
邝氏姐妹,组合,
昆玉,女歌手,
赖仔Morris,男歌手,
兰音Reine,女歌手,
蓝波,男歌手,
蓝心羽,女歌手,
浪花兄弟,组合,
浪味仙贝,组合,
老番茄,男歌手,
老狼,男歌手,
老猫,组合,
老王乐队,组合,
乐乐,男歌手,
乐正绫,女歌手,
雷佳,女歌手,
雷同二友,组合,
雷雨心,女歌手,
棱镜乐队,组合,
哩哩,女歌手,
黎明,男歌手,
黎瑞恩,女歌手,
李秉成,男歌手,
李常超(Lao乾妈),男歌手,
李晟,女歌手,
李谷一,女歌手,
李昊,男歌手,
李昊瀚,男歌手,
李佳隆,男歌手,
李佳薇,女歌手,
李嘉格,女歌手,
李健,男歌手,
李玖哲,男歌手,
李俊,女歌手,
李克勤,男歌手,
李丽芬,女歌手,
李玲玉,女歌手,
李铭辰,男歌手,
李琦,男歌手,
李荣浩,男歌手,
李润祺,男歌手,
李莎旻子,女歌手,
李上安,女歌手,
李圣杰,男歌手,
李玟,女歌手,
李晓杰,男歌手,
李心洁,女歌手,
李昕融,女歌手,
李幸倪,女歌手,
李雪萌,女歌手,
李雅微,女歌手,
李亚男,女歌手,
李翊君,女歌手,
李宇春,女歌手,
李玉刚,男歌手,
李毓芬,女歌手,
李昀锐,男歌手,
李知遥,女歌手,
李紫昕,女歌手,
李宗盛,男歌手,
利得汇,女歌手,
戾格,男歌手,
连麻Swimming,男歌手,
连诗雅,女歌手,
恋恋故人难,组合,
梁博,男歌手,
梁汉文,男歌手,
梁静茹,女歌手,
梁心颐,女歌手,
梁咏琪,女歌手,
廖俊涛,男歌手,
廖智慧,女歌手,
林宝馨,女歌手,
林采欣,女歌手,
林达浪,男歌手,
林凡,女歌手,
林峯,男歌手,
林慧萍,女歌手,
林家谦,男歌手,
林俊杰,男歌手,
林倛玉,男歌手,
林希儿,女歌手,
林欣彤,女歌手,
林依晨,女歌手,
林忆莲,女歌手,
林宥嘉,男歌手,
林志美,女歌手,
林志炫,男歌手,
林子祥,男歌手,
泠鸢Yousa,女歌手,
聆云音乐,组合,
零点乐队,组合,
刘柏辛Lexie,女歌手,
刘大拿,女歌手,
刘大壮,男歌手,
刘丹萌,女歌手,
刘德华,男歌手,华仔|Andy Lau
刘端端,男歌手,
刘芳,女歌手,
刘凤瑶,男歌手,
刘欢,男歌手,
刘洁,女歌手,
刘珂矣,女歌手,
刘莉旻,女歌手,
刘美君,女歌手,
刘美麟,女歌手,
刘沁,女歌手,
刘人语,女歌手,
刘瑞琦,女歌手,
刘若英,女歌手,
刘森,男歌手,
刘诗诗,女歌手,
刘思达,男歌手,
刘思涵,女歌手,
刘思鉴,男歌手,
刘思思,女歌手,
刘涛,女歌手,
刘伟德,男歌手,
刘惜君,女歌手,
刘小慧,女歌手,
刘宇,男歌手,
刘宇宁,男歌手,
刘哲,男歌手,
刘至佳,女歌手,
柳爽,男歌手,
六哲,男歌手,
龙飞龙泽,组合,
龙井说唱,组合,
龙宽九段,组合,
龙梅子,女歌手,
卢冠廷,男歌手,
卢广仲,男歌手,
卢卢快闭嘴,女歌手,
卢巧音,女歌手,
陆虎,男歌手,
鹿晗,男歌手,
鹿先森乐队,组合,
路飞文,女歌手,
吕方,男歌手,
吕富贵,男歌手,
吕口口,女歌手,
旅行团乐队,组合,
鸾凤鸣原创音乐团队,组合,
鸾音社,组合,
伦桑,男歌手,
轮回乐队,组合,
罗大佑,男歌手,
罗晋,男歌手,
罗文,男歌手,
罗震环,女歌手,
罗志祥,男歌手,
洛少爷,组合,
洛天依,女歌手,
麻园诗人,组合,
马頔,男歌手,
马嘉祺,男歌手,
马健涛,男歌手,
马良,男歌手,
马马,女歌手,
马赛克,组合,
马思唯,男歌手,
马天宇,男歌手,
马鑫,组合,
马伊琍,女歌手,
马吟吟,女歌手,
马英伦,男歌手,
马雨阳,男歌手,
马郁,女歌手,
马越敏,女歌手,
麦家瑜,女歌手,
麦浚龙,男歌手,
麦田守望者,组合,
麦小兜,女歌手,
满汉全席,组合,
满江,男歌手,
满舒克,男歌手,
芒果食堂,组合,
毛阿敏,女歌手,
毛不易,男歌手,
毛毛不插电,女歌手,
毛宁,男歌手,
毛晓彤,女歌手,
梅艳芳,女歌手,
美秀集团,组合,
萌萌哒天团,组合,
猛虎巧克力,组合,
孟凡明,男歌手,
孟慧圆,女歌手,
孟佳,女歌手,
孟庭苇,女歌手,
孟维来,男歌手,
梦飞船,组合,
梦涵,女歌手,
梦璟SAYA,女歌手,
梦然,女歌手,
梦之旅,组合,
麋先生,组合,
米线,女歌手,
蜜雪冰城,组合,
蜜雪薇琪,组合,
棉花糖,组合,
棉子,女歌手,
面孔乐队,组合,
喵☆酱,女歌手,
冥月,女歌手,
谟西Mercy,男歌手,
魔动闪霸,男歌手,
茉莉,女歌手,
莫尔根,女歌手,
莫叫姐姐,女歌手,
莫文蔚,女歌手,
莫西子诗,男歌手,
莫艳琳,女歌手,
墨明棋妙,组合,
牟凡,女歌手,
某幻君,男歌手,
木秦,女歌手,
木小雅,女歌手,
沐霏,女歌手,
沐可儿,女歌手,
慕寒,男歌手,
慕容晓晓,女歌手,
哪吒乐队,组合,
那奇沃夫,男歌手,
那艺娜,女歌手,
那英,女歌手,
纳豆nado,女歌手,
纳兰,女歌手,
娜美,女歌手,
男才女貌,组合,
南二巷乐队,组合,
南方二重唱,组合,
南风,男歌手,
南风ZJN,男歌手,
南瓜妮歌迷俱乐部,组合,
南合文斗,组合,
南妮,女歌手,
南拳妈妈,组合,
南西肯恩,组合,
南游记乐队,组合,
南征北战NZBZ,组合,
脑浊乐队,组合,
泥鳅Niko,男歌手,
泥鳅Zinco,男歌手,
倪浩毅,男歌手,
倪金威,男歌手,
倪莫问,女歌手,
倪子冈,男歌手,
霓虹花园,组合,
你的上好佳,女歌手,
匿名情书,女歌手,
宁桓宇,男歌手,
宁静,女歌手,
宁梦恬,女歌手,
妞妞合唱团,组合,
牛佳钰,女歌手,
牛奶咖啡,组合,
扭曲机器,组合,
农夫,组合,
女子十二乐坊,组合,
诺言Jason,男歌手,
糯米Nomi,女歌手,
哦漏,男歌手,
欧汉声,男歌手,
欧豪,男歌手,
欧姐,女歌手,
欧开合唱团,组合,
欧倩怡,女歌手,
欧阳朵,女歌手,
欧阳菲菲,女歌手,
欧阳靖,男歌手,
欧阳娜娜,女歌手,
欧阳尚尚,男歌手,
欧阳潇枫,男歌手,
欧阳耀莹,女歌手,
偶尔,女歌手,
偶像练习生,组合,
帕尔哈提,男歌手,
帕特龙,男歌手,
怕胖团,组合,
排骨教主,男歌手,
派美眉,女歌手,
派伟俊,男歌手,
派星儿,女歌手,
潘安邦,男歌手,
潘辰,女歌手,
潘广益,男歌手,
潘虹,女歌手,
潘虹樾,女歌手,
潘嘉丽,女歌手,
潘美辰,女歌手,
潘玮柏,男歌手,
潘悦晨,女歌手,
潘越云,女歌手,
潘韵淇,女歌手,
盘尼西林,组合,
庞龙,男歌手,
庞雪倩,女歌手,
胖胖胖,男歌手,
嘭心,组合,
彭佳慧,女歌手,
彭家丽,女歌手,
彭健新,男歌手,
彭钧,男歌手,
彭丽丽,女歌手,
彭丽媛,女歌手,
彭羚,女歌手,
彭青,女歌手,
彭十六,女歌手,
彭席彦,女歌手,
彭野,男歌手,
彭于晏,男歌手,
彭雨菲,女歌手,
鹏鹏音乐,男歌手,
鹏泊,男歌手,
痞克四,组合,
飘乐队,女歌手,
拼音师,男歌手,
品冠,男歌手,
平安,男歌手,
平生不晚,女歌手,
萍萍,女歌手,
坡上村,组合,
葡萄不愤怒乐队,组合,
朴冉,男歌手,
朴树,男歌手,
普信主义,男歌手,
七朵组合,组合,
七夕,女歌手,
七喜,女歌手,
七月,组合,
戚琦,女歌手,
戚薇,女歌手,
漆柚,女歌手,
祁隆,男歌手,
祁紫檀,女歌手,
齐晨,男歌手,
齐栾,女歌手,
齐秦,男歌手,
齐一,男歌手,
齐豫,女歌手,
齐悦,女歌手,
奇然,男歌手,
祈Inory,女歌手,
麒麟Baby,组合,
气运联盟,组合,
恰恰恰恰恰,女歌手,
千百惠,女歌手,
千百顺,女歌手,
千月兔,女歌手,
前男友,男歌手,
钱润玉,女歌手,
钱薇娟,女歌手,
钱正昊,男歌手,
浅笑,男歌手,
浅忆,男歌手,
茜西,女歌手,
强辩乐团,组合,
强东玥,女歌手,
乔佳旭,男歌手,
乔任梁,男歌手,
乔杉,男歌手,
乔洋,男歌手,
乔竹禾,男歌手,
秦凡淇,女歌手,
秦奋,男歌手,
秦海清,男歌手,
青春美少女,组合,
青鸟飞鱼,组合,
青蛙乐队,组合,
青燕子演唱组,组合,
轻松玩,组合,
清晨大攀,男歌手,
清醒乐队,组合,
情词尧,女歌手,
晴晴,女歌手,
晴小瑶,女歌手,
晴愔,女歌手,
庆庆,女歌手,
丘丘合唱团,组合,
邱永传,男歌手,
秋水,男歌手,
裘德,男歌手,
裘海正,女歌手,
区瑞强,男歌手,
区文诗,女歌手,
区子琳,女歌手,
曲丹,女歌手,
曲甲,男歌手,
曲酷,组合,
曲婉婷,女歌手,
曲肖冰,女歌手,
瞿颖,女歌手,
圈9,女歌手,
圈妹,女歌手,
群星,组合,
饶威,男歌手,
热地乐队,组合,
人声兄弟,组合,
人衣大人,男歌手,
任家萱,女歌手,
任嘉伦,男歌手,
任洁玲,女歌手,
任静,女歌手,
任妙音,女歌手,
任敏,女歌手,
任然,女歌手,
任书怀,男歌手,
任舒瞳,女歌手,
任素汐,女歌手,
任贤齐,男歌手,
任子墨,男歌手,
戎一Neo,男歌手,
容云,女歌手,
容中尔甲,男歌手,
容祖儿,女歌手,
阮豆,女歌手,
阮妍霏,女歌手,
阮言Ruany,女歌手,
软硬天师,组合,
芮恩,女歌手,
瑞鸣音乐,组合,
若以止白,女歌手,
萨顶顶,女歌手,
三角COOL,组合,
三块木头,男歌手,
三无MarBlue,女歌手,
散人,组合,
沙宝亮,男歌手,
沙一汀EL,男歌手,
傻子与白痴,组合,
厦门六中合唱团,组合,
山丹丹民歌组合,组合,
山人乐队,组合,
山鹰组合,组合,
闪星TwinkleStar,组合,
善宇,女歌手,
上海彩虹室内合唱团,组合,
尚辰,男歌手,
尚士达,男歌手,
尚雯婕,女歌手,
少年霜,女歌手,
少司命,女歌手,
邵帅,男歌手,
邵雨涵,女歌手,
深海鱼子酱,女歌手,
深蓝儿童,组合,
深蓝乐团,组合,
神木与瞳,组合,
沈丹丹,女歌手,
沈梦辰,女歌手,
沈谧仁,男歌手,
沈小岑,女歌手,
沈以诚,男歌手,
声音玩具,组合,
诗岸,女歌手,
狮子LION,组合,
石白其,女歌手,
石凯,男歌手,
石头,男歌手,
石玺彤,女歌手,
石欣卉,女歌手,
石岩,男歌手,
时代少年团,组合,
时光胶囊,组合,
时翔云,女歌手,
史一,女歌手,
誓言,男歌手,
瘦子E.SO,男歌手,
树屋女孩,组合,
水木年华,组合,
顺子,女歌手,
说说Crystal,女歌手,
司墨尧smile,女歌手,
司南,女歌手,
司夏,女歌手,
斯丹曼簇,女歌手,
斯琴高丽,女歌手,
斯斯与帆,组合,
四个女生,组合,
宋佳,女歌手,
宋茜,女歌手,
宋晓峰,男歌手,
宋亚轩,男歌手,
宋雨琦,女歌手,
宋岳庭,男歌手,
宋祖英,女歌手,
苏琛,男歌手,
苏打绿,组合,
苏慧伦,女歌手,
苏克,男歌手,
苏芮,女歌手,
苏诗丁,女歌手,
苏玮,男歌手,
苏星婕,女歌手,
苏醒,男歌手,
苏永康,男歌手,
苏有朋,男歌手,
苏运莹,女歌手,
宿羽阳,女歌手,
孙伯纶,男歌手,
孙俪,女歌手,
孙露,女歌手,
孙楠,男歌手,
孙盛希,女歌手,
孙燕姿,女歌手,
孙耀威,男歌手,
孙怡,女歌手,
孙羽幽,女歌手,
孙悦,女歌手,
缩肥鸭,女歌手,
台风少年团,组合,
邰肇玫,女歌手,
邰正宵,男歌手,
太极乐队,组合,
太阳,女歌手,
太阳部落,组合,
太一,男歌手,
覃桢,男歌手,
谭嘉仪,女歌手,
谭晶,女歌手,
谭松韵,女歌手,
谭维维,女歌手,
谭咏麟,男歌手,
檀健次,男歌手,
檀烧,女歌手,
汤宝如,女歌手,
汤灿,女歌手,
汤潮,男歌手,
汤倩,女歌手,
汤晓菲,女歌手,
唐伯虎Annie,女歌手,
唐朝乐队,组合,
唐汉霄,男歌手,
唐倩,女歌手,
唐小力,男歌手,
唐嫣,女歌手,
唐艺,女歌手,
唐艺昕,女歌手,
糖妹,女歌手,
逃跑计划,组合,
桃十五,女歌手,
桃子A1J,女歌手,
陶晶莹,女歌手,
陶心瑶,女歌手,
陶钰玉,女歌手,
陶喆,男歌手,
特曼,男歌手,
腾格尔,男歌手,
藤乐队,组合,
天唱组合,组合,
天府事变,组合,
天赋,男歌手,
天气晴,组合,
天堂乐队,组合,
添儿呗,女歌手,
田馥甄,女歌手,
田田,女歌手,
田羽生,男歌手,
田园,女歌手,
田震,女歌手,
田子晴,女歌手,
婷婷姐姐,组合,
同恩,女歌手,
童安格,男歌手,
童珺,女歌手,
童可可,女歌手,
童丽,女歌手,
童欣,女歌手,
童禹坤,男歌手,
痛仰乐队,组合,
秃子2Z,男歌手,
屠洪刚,男歌手,
土豆王国小乐队,组合,
兔裹煎蛋卷,女歌手,
脱拉库,组合,
蛙池,组合,
娃娃,女歌手,
丸子,组合,
丸子呦,女歌手,
完美倒立,组合,
玩具船长,组合,
顽童MJ116,组合,
万芳,女歌手,
万玲琳,女歌手,
万能青年旅店,组合,
万妮达Vinida Weng,女歌手,
万象凡音,组合,
万晓利,男歌手,
汪晨蕊,女歌手,
汪峰,男歌手,
汪明荃,女歌手,
汪佩蓉,女歌手,
汪睿,女歌手,
汪苏泷,男歌手,
汪小敏,女歌手,
王宝与正午阳光,组合,
王北车,男歌手,
王冰洋,女歌手,
王博文,男歌手,
王朝,男歌手,
王闯,男歌手,
王大毛,女歌手,
王贰浪,女歌手,
王菲,女歌手,
王冠,男歌手,
王赫野,男歌手,
王嘉尔,男歌手,
王杰,男歌手,
王婧,女歌手,
王靖雯不胖,女歌手,
王巨星,男歌手,
王俊凯,男歌手,
王可,女歌手,
王理文,女歌手,
王力宏,男歌手,
王栎鑫,男歌手,
王麟,女歌手,
王梦麟,男歌手,
王齐铭WatchMe,男歌手,
王琪玮,男歌手,
王强,男歌手,
王蓉,女歌手,
王若琳,女歌手,
王诗安,女歌手,
王思思,女歌手,
王天戈,女歌手,
王天阳,男歌手,
王同学Able,男歌手,
王菀之,女歌手,
王唯旖,女歌手,
王喂马,组合,
王晰,男歌手,
王小帅,男歌手,
王笑文,女歌手,
王心凌,女歌手,
王新,组合,
王馨平,女歌手,
王艳薇,女歌手,
王一博,男歌手,
王以诺,男歌手,
王以太,男歌手,
王艺陶,女歌手,
王绎龙,男歌手,
王奕心,女歌手,
王雨桐,女歌手,
王源,男歌手,
王媛渊,女歌手,
王云宏,男歌手,
王昭懿,女歌手,
王者荣耀,组合,
王震,男歌手,
王铮亮,男歌手,
王筝,女歌手,
王芷蕾,女歌手,
王梓钰,女歌手,
王子健,男歌手,
王子明,男歌手,
王OK,女歌手,
忘川风华录,组合,
旺福,组合,
旺仔小乔,女歌手,
薇薇,女歌手,
韦礼安,男歌手,
韦唯,女歌手,
韦雄,男歌手,
卫兰,女歌手,
未知音素,男歌手,
魏晨,男歌手,
魏大勋,男歌手,
魏奇奇,女歌手,
魏如萱,女歌手,
魏新雨,女歌手,
温蒂漫步,组合,
温岚,女歌手,
温拿乐队,组合,
温兆伦,男歌手,
文夫,男歌手,
翁梓铭,男歌手,
我是土豆,女歌手,
乌兰图雅,女歌手,
乌兰托娅,女歌手,
巫启贤,男歌手,
无级生,组合,
无面小生,女歌手,
无限王者团,组合,
无印良品,组合,
吴碧霞,女歌手,
吴静,女歌手,
吴克群,男歌手,
吴莫愁,女歌手,
吴奇隆,男歌手,
吴青峰,男歌手,
吴琼,女歌手,
吴若希,女歌手,
吴汶芳,女歌手,
吴轶飞,女歌手,
吴映香,女歌手,
吴雨霏,女歌手,
吴子健REmi,男歌手,
吴宗宪,男歌手,
吾恩,男歌手,
吾酷,组合,
五条人,组合,
五音Jw,男歌手,
五月天,组合,Mayday
五月天阿信,男歌手,
伍佰,男歌手,
伍家辉,男歌手,
伍珂玥,女歌手,
伍思凯,男歌手,
武艺,男歌手,
雾虹,组合,
汐音社,组合,
西彬,女歌手,
西瓜JUN,男歌手,
西游乐队,组合,
希林娜依高,女歌手,
熙月月,女歌手,
嘻游记,组合,
习谱予,女歌手,
夏侯钰涵,女歌手,
夏日入侵企画,组合,
夏天Alex,男歌手,
夏婉安,女歌手,
夏小虎,男歌手,
夏雨菲,女歌手,
弦外之音,组合,
弦子,女歌手,
香香,女歌手,
祥嘞嘞,男歌手,
向思思,女歌手,
萧风,女歌手,
萧煌奇,男歌手,
萧敬腾,男歌手,
萧全,男歌手,
萧潇,女歌手,
萧亚轩,女歌手,
萧忆情Alex,男歌手,
小阿枫,男歌手,
小阿七,女歌手,
小爱的妈,女歌手,
小蓓蕾组合,组合,
小匆匆,女歌手,
小好14,男歌手,
小黑,男歌手,
小虎队,组合,
小精灵,男歌手,
小柯,男歌手,
小酷Coola,男歌手,
小蓝背心,女歌手,
小老虎,组合,
小凌,女歌手,
小咪,男歌手,
小男孩乐团,组合,
小七,男歌手,
小曲儿,男歌手,
小瑞,男歌手,
小山,男歌手,
小少焱,男歌手,
小沈阳,男歌手,
小石头和孩子们,组合,
小时姑娘,女歌手,
小唐人,组合,
小田音乐社,男歌手,
小霞,女歌手,
小星星Aurora,女歌手,
小熊饼干,组合,
小旭音乐,组合,
小雪,女歌手,
小义,男歌手,
小柚子,组合,
小鱼,女歌手,
小雨乐队,组合,
小缘,女歌手,
小洲,男歌手,
晓月老板,男歌手,
肖斯塔,男歌手,
肖战,男歌手,
谢安琪,女歌手,
谢春花,女歌手,
谢旦,男歌手,
谢帝,男歌手,
谢军,男歌手,
谢可寅,女歌手,
谢天笑,男歌手,
谢霆锋,男歌手,
心华,女歌手,
辛晓琪,女歌手,
新街口组合,组合,
新裤子,组合,
新乐尘符,组合,
新乐府,组合,
新青年理发厅,组合,
新少年俱乐部,组合,
新秀,男歌手,
信乐团,组合,
星尘,女歌手,
星火飞行器,组合,
星月组合,组合,
醒山AwakeMountains,组合,
兄弟本色,组合,
兄弟联,组合,
熊美玲,女歌手,
熊熊,组合,
徐秉龙,男歌手,
徐歌阳,女歌手,
徐海俏,女歌手,
徐怀钰,女歌手,
徐佳莹,女歌手,
徐嘉良,男歌手,
徐洁儿,女歌手,
徐良,男歌手,
徐梦洁,女歌手,
徐梦圆,男歌手,
徐明浩,男歌手,
徐千雅,女歌手,
徐若瑄,女歌手,
徐天意,男歌手,
徐薇,女歌手,
徐小凤,女歌手,
徐艺洋,女歌手,
徐真真,男歌手,
徐梓淳,男歌手,
徐子未,男歌手,
许飞,女歌手,
许冠杰,男歌手,
许光汉,男歌手,
许慧欣,女歌手,
许靖韵,女歌手,
许钧,男歌手,
许美静,女歌手,
许明明,女歌手,
许秋怡,女歌手,
许茹芸,女歌手,
许绍洋,男歌手,
许嵩,男歌手,
许廷铿,男歌手,
许巍,男歌手,
许馨文,女歌手,
许哲珮,女歌手,
许志安,男歌手,
旭日阳刚,组合,
宣子,女歌手,
喧笑,男歌手,
玄觞,女歌手,
薛凯琪,女歌手,
薛明媛,女歌手,
薛之谦,男歌手,
雪,女歌手,
雪二,女歌手,
雪茄剪,组合,
血肉果汁机,组合,
荨麻疹,男歌手,
亚森,男歌手,
烟(许佳豪),男歌手,
闫东炜,男歌手,
闫泽欢,男歌手,
严浩翔,男歌手,
严爵,男歌手,
言和,女歌手,
言瑾羽,女歌手,
炎明熹,女歌手,
阎韦伶,女歌手,
阎维文,男歌手,
颜安,男歌手,
颜人中,男歌手,
颜小健,男歌手,
宴宁,女歌手,
央金兰泽,女歌手,
杨爱瑾,女歌手,
杨秉音,男歌手,
杨丞琳,女歌手,
杨和苏KeyNG,男歌手,
杨坤,男歌手,
杨林,女歌手,
杨幂,女歌手,
杨默依Moi,女歌手,
杨乃文,女歌手,
杨胖雨,女歌手,
杨培安,男歌手,
杨沛宜,女歌手,
杨千嬅,女歌手,
杨青,男歌手,
杨秋儒,男歌手,
杨树人,男歌手,
杨烁,女歌手,
杨婷,女歌手,
杨钰莹,女歌手,
杨紫,女歌手,
杨宗纬,男歌手,
洋澜一,女歌手,
姚贝娜,女歌手,
姚六一,男歌手,
姚斯婷,女歌手,
野孩子,组合,
野外合作社,组合,
叶蓓,女歌手,
叶里,女歌手,
叶丽仪,女歌手,
叶麒圣,男歌手,
叶启田,男歌手,
叶蒨文,女歌手,
叶琼琳,女歌手,
叶斯淳,女歌手,
叶炫清,女歌手,
一棵小葱,组合,
一颗狼星,女歌手,
一口甜,女歌手,
一支榴莲,女歌手,
一只白羊,女歌手,
伊格赛听,组合,
遗忘俱乐部,组合,
彝人制造,组合,
以冬,女歌手,
椅子不够酷,女歌手,
椅子乐团The Chairs,组合,
易言,男歌手,
易烊千玺,男歌手,
因果兄弟,组合,
音格概念,组合,
音谋论,组合,
音频怪物,男歌手,
音阙诗听,组合,
寅子,男歌手,
银河系,组合,
银河系长,女歌手,
银临,女歌手,
尹露浠,女歌手,
尹昔眠,女歌手,
印子月,女歌手,
英雄联盟,组合,
影子,女歌手,
硬糖少女303,组合,
永彬Ryan.B,男歌手,
永动机,组合,
泳儿,女歌手,
优客李林,组合,
呦猫UNEKO,女歌手,
尤长靖,男歌手,
游鸿明,男歌手,
有三,男歌手,
幼稚园杀手,男歌手,
于佰万,男歌手,
于冬然,女歌手,
于果,女歌手,
于潼,女歌手,
于文文,女歌手,
于贞,女歌手,
于梓贝,女歌手,
余超颖,女歌手,
余佳运,男歌手,
余声乐队,组合,
余天,男歌手,
余文乐,男歌手,
鱼蛋,女歌手,
鱼丁糸,组合,
鱼多余,男歌手,
鱼条 Fish Stick,组合,
俞灏明,男歌手,
虞姬,女歌手,
虞书欣,女歌手,
与非门,组合,
与少年他,组合,
宇桐非,男歌手,
宇西,女歌手,
宇宙人,组合,
羽·泉,组合,
雨果,男歌手,
庾澄庆,男歌手,
玉萨,女歌手,
郁可唯,女歌手,
郁乐队,组合,
喻言,女歌手,
御鹿神谷,组合,
遇到兄弟,组合,
元气少女,女歌手,
元若蓝,女歌手,
元卫觉醒,组合,
原子邦妮,组合,
袁小葳,女歌手,
袁一琦,女歌手,
袁勇,男歌手,
月亮,女歌手,
月明,男歌手,
岳云鹏,男歌手,
云雀Cream,男歌手,
云汐,女歌手,
云之泣,女歌手,
匀子,女歌手,
再循环乐队,组合,
早安,男歌手,
泽典,女歌手,
泽国同学,男歌手,
泽宙斯姬,组合,
展展与罗罗,组合,
战斗吧歌姬,组合,
战双帕弥什,组合,
张安琪,女歌手,
张柏芝,女歌手,
张碧晨,女歌手,
张彬彬,男歌手,
张德伊玲,女歌手,
张栋梁,男歌手,
张国荣,男歌手,
张含韵,女歌手,
张翰,男歌手,
张惠春,女歌手,
张惠妹,女歌手,
张家旺,男歌手,
张杰,男歌手,
张晶晶,女歌手,
张婧,女歌手,
张敬轩,男歌手,
张靓颖,女歌手,
张磊,男歌手,
张力尹,女歌手,
张梦弘,女歌手,
张淇,男歌手,
张蔷,女歌手,
张清芳,女歌手,
张三李四,组合,
张韶涵,女歌手,
张帅,组合,
张天枢,男歌手,
张玮,男歌手,
张玮玮,组合,
张卫,男歌手,
张卫健,男歌手,
张小斐,女歌手,
张小九,男歌手,
张晓棠,女歌手,
张新成,男歌手,
张馨月,女歌手,
张信哲,男歌手,
张星特,男歌手,
张悬,女歌手,
张学友,男歌手,
张雪飞,男歌手,
张颜齐,男歌手,
张也,女歌手,
张叶蕾,女歌手,
张一乔,女歌手,
张洢豪,男歌手,
张艺兴,男歌手,
张予曦,女歌手,
张宇,男歌手,
张雨生,男歌手,
张玉华,女歌手,
张郁梓,女歌手,
张钰琪,女歌手,
张远,男歌手,
张月,女歌手,
张芸京,女歌手,
张真源,男歌手,
张震岳,男歌手,
张智霖,男歌手,
张紫豪,男歌手,
张紫宁,女歌手,
赵传,男歌手,
赵方婧,女歌手,
赵珂,男歌手,
赵雷,男歌手,
赵磊,男歌手,
赵丽颖,女歌手,
赵乃吉,女歌手,
赵英俊,男歌手,
赵紫骅,男歌手,
甄妮,女歌手,
郑国锋,男歌手,
郑钧,男歌手,
郑融,女歌手,
郑润泽,男歌手,
郑希怡,女歌手,
郑欣宜,女歌手,
郑秀文,女歌手,
郑伊健,男歌手,
郑宜农,女歌手,
郑怡,女歌手,
郑源,男歌手,
郑智化,男歌手,
郑中基,男歌手,
芝麻Mochi,女歌手,
执素兮,女歌手,
直火帮StraightFireGang,组合,
只有影子,女歌手,
指尖笑,女歌手,
至上励合,组合,
中国好声音学员,组合,
中国交响乐团合唱团,组合,
中国人民解放军军乐团,组合,
中国娃娃,组合,
中国武警男声合唱团,组合,
中央乐团合唱队,组合,
中央民族乐团,组合,
钟嘉欣,女歌手,
钟镇涛,男歌手,
重塑雕像的权利,组合,
周柏豪,男歌手,
周笔畅,女歌手,
周传雄,男歌手,
周菲戈,男歌手,
周公,男歌手,
周华健,男歌手,
周慧敏,女歌手,
周蕙,女歌手,
周杰伦,男歌手,周董|Jay Chou
周林枫,女歌手,
周鹏霄,男歌手,
周深,男歌手,
周思涵,女歌手,
周汤豪,男歌手,
周童,男歌手,
周星星,女歌手,
周兴哲,男歌手,
周迅,女歌手,
周震南,男歌手,
周子涵,女歌手,
粥粥,女歌手,
朱强,男歌手,
朱添泽,男歌手,
朱文婷,女歌手,
朱彦安,男歌手,
朱主爱,女歌手,
朱梓骁,男歌手,
庄心妍,女歌手,
追星族,组合,
卓文萱,女歌手,
卓依婷,女歌手,
灼海豚乐队,组合,
灼夭,女歌手,
仔仔,女歌手,
梓渝,男歌手,
自然卷,组合,
自由派对,组合,
子曰乐队,组合,
纵贯线,组合,
邹念慈,女歌手,
邹沛沛,女歌手,
祖海,女歌手,
祖娅纳惜,女歌手,
左宏元,男歌手,
左麟右李,组合,
左小祖咒,男歌手,
左右乐队,组合,
左左右右,组合,
A LIN,女歌手,
A公馆,组合,
AA,男歌手,
Ace组合,组合,
AGA,女歌手,
Aioz,男歌手,
AK刘彰,男歌手,
AKB48 Team SH,组合,
AKI阿杰,女歌手,
ALONE,男歌手,
And2girls安菟,组合,
AnsrJ,男歌手,
ANU,组合,
ASH,男歌手,
ASOS,组合,
Assen捷,男歌手,
AThree,男歌手,
ATK,组合,
ATM顶级玩家,组合,
Ayo97,男歌手,
AZA微唱团,组合,
BC221,组合,
BEJ48,组合,
Bell玲惠,女歌手,
BEYOND,组合,
BigYear大年,男歌手,
Billionhappy,男歌手,
BK,男歌手,
Blow Fever,男歌手,
BLUEJEANS,组合,
Bo Peep,女歌手,
Bobbynopeace,男歌手,
BOBO,组合,
Bomb比尔,男歌手,
BOY STORY,组合,
BrAnTB白景屹,男歌手,
BUDDY,组合,
BY2,组合,
BYE,女歌手,
c0de731,男歌手,
Capper,男歌手,
Carsick Cars,组合,
Cashtrippy,男歌手,
Cathy月月,女歌手,
CG,组合,
CHINESE FOOTBALL,组合,
COLLAR,组合,
COOKIES,组合,
Copy,男歌手,
CORSAK胡梦周,男歌手,
CRISPY脆乐团,组合,
CRITTY,女歌手,
CY,男歌手,
DANCE FLOW,组合,
DAVE,男歌手,
DAYDREAM,组合,
Days,组合,
Daze In White,组合,
DEAR JANE,组合,
DEAR JOHN,组合,
Deca Joins,组合,
Dirty Twinz,组合,
DJ,组合,
Dobi,男歌手,
DP龙猪,男歌手,
DRY,组合,
Dx,男歌手,
Eason and the duo band,组合,
EDEN,女歌手,
Elenore埃莉诺乐队,组合,
EMPIRE OF THE SUN,组合,
ENERGY,组合,
Enone,组合,
EO2,组合,
EOE,组合,
ERIC KWOK,男歌手,
ERIKA,女歌手,
ERROR,组合,
ETA乐队,组合,
ETERNITY,男歌手,
EVER,组合,
F.I.R.,组合,
F4,组合,
Fabel,组合,
FACE TO FACE,组合,
FEEEleven,男歌手,
Felicia蔡菲凡,女歌手,
FINE乐团,组合,
Formosa,组合,
FOX胡天渝,男歌手,
Franky弗兰奇,男歌手,
G.E.M.邓紫棋,女歌手,
G5SH,组合,
GAI周延,男歌手,
GALA,组合,
GALI,男歌手,
Gareth.T,男歌手,
GG啵！,女歌手,
Gifty,女歌手,
GIRL FRIENDS,组合,
GNZ48,组合,
h3R3,男歌手,
HANA菊梓乔,女歌手,
Handsome Lau,男歌手,
Hanser,女歌手,
HAS,组合,
HAYA乐团,组合,
HEAT J,男歌手,
HELLO NICO,组合,
Henry,组合,
Hickey 喜祺,组合,
Higher Brothers,组合,
HITA,女歌手,
HOTCHA,组合,
Hypeezy,男歌手,
Hyper Slash,组合,
I,女歌手,
I Love You Boyz,组合,
IANNE,男歌手,
Ice Paper,男歌手,
IDOL SCHOOL,组合,
ilem,男歌手,
iMoon,男歌手,
IN,男歌手,
IN K,组合,
INTO1,组合,
IO乐团,组合,
Iris,女歌手,
IRiS七叶,女歌手,
Itsogoo,组合,
IVI,组合,
IXFORM,组合,
J.SHEON,男歌手,
JADE,男歌手,
JAM,女歌手,
JandZ,组合,
JarStick,男歌手,
Jasing Rye,男歌手,
Jason Chen,男歌手,
JC陈咏桐,女歌手,
JET,男歌手,
JONY J,男歌手,
Joysaaaa,女歌手,
Joyside,组合,
JPM,组合,
JR Fog,男歌手,
JUDE曾若华,女歌手,
Juice Boy,组合,
JX3暗箱组合,组合,
K ONE,组合,
K.A咔咔,女歌手,
K.D,男歌手,
Karencici,女歌手,
KasaYAYA,女歌手,
Kayan9896,女歌手,
KBShinya,男歌手,
KC,男歌手,
KEY.L刘聪,男歌手,
KeyKey,女歌手,
Kid,男歌手,
Kigga,男歌手,
King star,组合,
Kinoko蘑菇,女歌手,
KIPES,男歌手,
KIRA,女歌手,
Kiri T,女歌手,
Kirsty刘瑾睿,女歌手,
KISS,组合,
kiya,女歌手,
Kkecho,女歌手,
KMA万华镜音乐同盟,组合,
KnowKnow,男歌手,
Koala,男歌手,
KOLOR,组合,
Koos,男歌手,
KRUSTY,组合,
Ksovii,男歌手,
KT,男歌手,
L,组合,
LASER,组合,
LBI利比,男歌手,
LEGGO,男歌手,
Life Awaits,组合,
Lil Asian,男歌手,
Lil E,男歌手,
Lil Milk,男歌手,
LOKEY低调组合,组合,
Lorien,女歌手,
LunaLiu刘不语,女歌手,
M I A,女歌手,
M4M,组合,
MAC OVA SEAS,男歌手,
MAD,女歌手,
Mai,男歌手,
Mandarin,组合,
MANTA,组合,
MARIA CORDERO,女歌手,
Matt吕彦良,男歌手,
Max One,组合,
MC光光,男歌手,
MC仁,男歌手,
MC张天赋,男歌手,
Melo,男歌手,
Mengzi,男歌手,
Mi2,组合,
MIC男团,组合,
MIRROR,组合,
Moe,女歌手,
MOMO,组合,
Mona Lavi,女歌手,
Moon Tang,女歌手,
MP4,组合,
MP魔幻力量,组合,
MR.,组合,
MR.MISS,组合,
MT1990,男歌手,
Mu'z,组合,
Mukyo木西,女歌手,
MuSik I,男歌手,
Name,组合,
NAVI,女歌手,
Nemokii,女歌手,
NEOS乐队,组合,
Newyounggo,男歌手,
NINE PERCENT,组合,
NL不分,男歌手,
Nocturnes曳取,组合,
NoLabelCrew,组合,
NOWHERE BOYS,组合,
O ZONE,组合,
O2O Goddess,组合,
OB03,男歌手,
OBSESS,组合,
ODD陈思键,男歌手,
OELoop,男歌手,
OK男女合唱团,组合,
Oliver Jiang,男歌手,
OLIVIA ONG,女歌手,
ON LINE,组合,
ONE FIFTH,组合,
ONE PROMISE,组合,
ONER,组合,
ONER灵超,男歌手,
OVDS,组合,
Ove,男歌手,
P1X3L,组合,
PANDA组合,组合,
Papi酱,女歌手,
Per Se,组合,
Pig小优,女歌手,
PIggy,男歌手,
PING PUNG,组合,
PO8,男歌手,
POISON,组合,
PonySoore,男歌手,
pro,男歌手,
Pslow,男歌手,
PSY.P,男歌手,
Psykhon,组合,
Q.luv,男歌手,
Quinn葵因,女歌手,
R1SE,组合,
Raidas,组合,
RAiNBOW计划,组合,
REBORN,组合,
Redboi,男歌手,
ReDor锐豆乐队,组合,
RedXxxxxx,男歌手,
REGI陈彦希,女歌手,
RING,组合,
RITA,女歌手,
Rita黄汐源,女歌手,
Rom邢锐,女歌手,
Rosa,女歌手,
RTA,组合,
RU,女歌手,
Rustic,组合,
Ryan,组合,
S.H.E,组合,SHE
SARA,女歌手,
Sasablue,女歌手,
Sawako碎花,女歌手,
Schoolgirl Byebye,组合,
SeanT肖恩恩,男歌手,
SFNT,组合,
Shang,男歌手,
Shark卫彬月,女歌手,
Shin,女歌手,
Shooter,男歌手,
SING女团,组合,
SipSu小口酥,男歌手,
SNH48,组合,
SOLER,组合,
Sophia,组合,
SPEXIAL,组合,
Stake,男歌手,
Step.Jad依加,男歌手,
SUPER GIRLS,组合,
SUPER JUNIOR M,组合,
Superluckyqi,女歌手,
SUPPER MOMENT,组合,
SWEETY,组合,
SWING,组合,
Tacke竹桑,女歌手,
TANK,男歌手,
Tarzan泰山乐队,组合,
TC,男歌手,
TENSION,组合,
TF boys,组合,
TF家族,组合,
TF家族练习生,组合,
The Will On Kill,组合,
THE9,组合,
TimeZ,组合,
TIZZY BAC,组合,
Tizzy T,男歌手,
ToddMalone,男歌手,
TONICK,组合,
TRASH,组合,
Twins,组合,
Ty.,男歌手,
TYSON YOSHI,男歌手,
U180,组合,
UFO乐队,男歌手,
Uk,女歌手,
UME BAND,组合,
UNCLE BAD,组合,
UNDER LOVER,组合,
UNINE,组合,
UNIQ,组合,
UP GIRLS,组合,
us,女歌手,
US乐团,组合,
V,组合,
V17声优少女,组合,
VANESSA,女歌手,
VaVa毛衍七,女歌手,
VEGA,组合,
Vera Chai,女歌手,
Vex,男歌手,
Vicky宣宣,女歌手,
VICKY杨颜菲,女歌手,
Viki,男歌手,
Violet Lens 绀,组合,
VIVI,女歌手,
VK,男歌手,
VOGUE 5,男歌手,
VOX玩声乐团,组合,
VRF,组合,
VV,女歌手,
Vyan,男歌手,
WHIZZ,组合,
WiFi歪歪,男歌手,
WYAN王毓千,男歌手,
X玖少年团,组合,
Xxxmiracle,男歌手,
Y,组合,
Yamy郭颖,女歌手,
YangYang,男歌手,
Ycccc,女歌手,
Yee,男歌手,
Yellow 黄宣,男歌手,
Yihuik苡慧,女歌手,
YKEY,男歌手,
Young 7,男歌手,
Young13Dbaby,男歌手,
Youngior,男歌手,
Younglego,男歌手,
YUMMY,组合,
Yuri,女歌手,
ZIV,女歌手,
Zkaaai,女歌手,
Zpecial,组合,
